Instance Name,Number of Vehicles,minmax cost,minmaxCOF,minmax eps,minmax delta,epsFair cost,epsFair COF,deltaFair cost,deltaFair COF
burma14,3,39.0,0.258,1.0,0.0,39.0,0.258,39.0,0.258
burma14,4,48.0,0.548,1.0,0.0,48.0,0.548,48.0,0.548
burma14,5,60.0,0.935,1.0,0.0,60.0,0.935,60.0,0.935
bays29,3,10569.0,0.159,0.99993,0.00596,10555.0,0.158,10564.0,0.159
bays29,4,11305.0,0.24,0.99983,0.00858,11305.0,0.24,11305.0,0.24
bays29,5,12887.0,0.414,0.99921,0.01909,12718.0,0.395,12718.0,0.395
eil51,3,470.0,0.093,0.99996,0.00426,470.0,0.093,470.0,0.093
eil51,4,494.0,0.149,0.99998,0.0027,492.0,0.144,494.0,0.149
