Instance Name,Number of Vehicles,minmax time,minmax cost,minmax eps,minmax delta,epsFair time,epsFair cost,epsFair fc,epsFair eps,deltaFair time,deltaFair cost,deltaFair fc,deltaFair delta
bays29.tsp,3,10.85,10569.0,0.99993,0.00596,18.91,10555.0,0.9999,0.99993,21.42,10564.0,0.006,0.0054
bays29.tsp,4,44.76,11305.0,0.99983,0.00858,75.47,11305.0,0.9998,0.99983,34.54,11305.0,0.0086,0.00858
bays29.tsp,5,543.86,12887.0,0.99921,0.01909,280.51,12718.0,0.9992,0.99927,370.89,12718.0,0.0191,0.01797
eil51.tsp,3,145.79,470.0,0.99996,0.00426,175.89,470.0,0.9999,0.99996,331.77,470.0,0.0043,0.00426
eil51.tsp,4,896.6,494.0,0.99998,0.0027,647.69,492.0,0.9999,0.9999,963.24,494.0,0.0027,0.0027
eil76.tsp,3,1482.12,576.0,1.0,0.0,3612.49,579.0,1.0,1.0,3610.43,582.0,0.0,0.0
