Instance Name,Number of Vehicles,2Norm time,2Norm cost,2Norm eps,2Norm delta,epsFair time,epsFair cost,epsFair fc,epsFair eps,deltaFair time,deltaFair cost,deltaFair fc,deltaFair delta
bays29.tsp,3,8.06,10129.0,0.98327,0.09754,12.25,10129.0,0.9832,0.98327,10.89,10129.0,0.0976,0.09754
bays29.tsp,4,17.93,11038.0,0.99528,0.04572,28.13,11038.0,0.9952,0.99528,25.88,11038.0,0.0458,0.04572
bays29.tsp,5,116.87,11842.0,0.9479,0.15977,112.92,11842.0,0.9479,0.9479,166.64,11842.0,0.1598,0.15977
eil51.tsp,3,50.76,462.0,0.99559,0.04978,50.45,462.0,0.9955,0.99559,55.89,462.0,0.0498,0.04978
eil51.tsp,4,146.51,486.0,0.99735,0.03704,263.72,486.0,0.9973,0.99735,197.74,486.0,0.0371,0.03704
eil51.tsp,5,606.65,512.0,0.98284,0.09668,3600.07,737.0,0.9828,0.98618,666.06,512.0,0.0967,0.09668
eil76.tsp,3,887.06,570.0,0.99686,0.04211,1184.4,570.0,0.9968,0.99801,793.56,570.0,0.0422,0.02982
